{
   "domain": "javaAppServer",
   "middleware": "was",
   "host": "rhel9-base.gym.lan",
   "assessmentUnitName": "modresorts-1_0-java8_war.ear",
   "applicationName": "modresorts-1_0-java8_war.ear",
   "checksum": "ef62de6439f326a9e563807efc3a6e570cea75353d581a4ad30bcecaa9d8342e",
   "dcVersion": "",
   "binaryScannerVersion": "25.0.0.4",
   "collectionUnitType": "profile",
   "collectionUnitName": "AppSrv01",
   "isVirtual": "false",
   "features": {
      "ee6": {
         "base": [
         ],
         "core": [
            "servlet-3.0",
            "transportSecurity-1.0"
         ],
         "hasConflicts": false
      },
      "ee7": {
         "base": [
         ],
         "core": [
            "servlet-3.1",
            "transportSecurity-1.0"
         ],
         "hasConflicts": false
      },
      "ee8": {
         "base": [
         ],
         "core": [
            "servlet-4.0",
            "transportSecurity-1.0"
         ],
         "hasConflicts": false
      },
      "ee9": {
         "base": [
         ],
         "core": [
            "servlet-5.0",
            "transportSecurity-1.0"
         ],
         "hasConflicts": false
      },
      "ee10": {
         "base": [
         ],
         "core": [
            "servlet-6.0",
            "transportSecurity-1.0"
         ],
         "hasConflicts": false
      }
   },
   "serverXml": {
      "server": {
         "administrator-role": {
            "user": "${WIMUserRegistry_1_rhel9_baseCell01_userRegistry_primaryAdminId}"
         },
         "applicationManager": {
            "autoExpand": "true"
         },
         "description": "Configuration generated by binaryAppScanner version 25.0.0.3.SNAPSHOT",
         "featureManager": "",
         "federatedRepository": {
            "pageCacheTimeout": "900ms",
            "primaryRealm": {
               "name": "defaultWIMFileBasedRealm",
               "participatingBaseEntry": {
                  "name": "${InternalFileRepository_rhel9_baseCell01_o_defaultWIMFileBasedRealm_ldapRegistry_baseDN}"
               },
               "uniqueGroupIdMapping": {
                  "inputProperty": "uniqueName"
               },
               "userSecurityNameMapping": {
                  "outputProperty": "principalName"
               }
            }
         },
         "httpEndpoint": {
            "host": "${httpEndpoint_host_2}",
            "httpPort": "${httpEndpoint_port_2}",
            "httpsPort": "${httpEndpoint_secure_port_2}",
            "id": "defaultHttpEndpoint",
            "tcpOptions": {
               "maxOpenConnections": "20000"
            }
         },
         "iiopEndpoint": {
            "host": "${BOOTSTRAP_ADDRESS_host_2}",
            "id": "defaultIiopEndpoint",
            "iiopPort": "${BOOTSTRAP_ADDRESS_port_2}",
            "iiopsOptions": {
               "iiopsPort": "${CSIV2_SSL_SERVERAUTH_LISTENER_ADDRESS_2}",
               "sslRef": "defaultSSLConfig"
            }
         },
         "include": [
            {
               "location": "rhel9-baseCell01_basicRegistry.xml",
               "onConflict": "MERGE",
               "optional": "true"
            },
            {
               "location": "rhel9-baseCell01_mime-types.xml",
               "onConflict": "MERGE",
               "optional": "true"
            }
         ],
         "keyStore": [
            {
               "id": "NodeDefaultKeyStore",
               "location": "${NodeDefaultKeyStore_rhel9_baseCell01_KeyStore_7_location}",
               "password": "${NodeDefaultKeyStore_rhel9_baseCell01_KeyStore_7_password}"
            },
            {
               "id": "CellDefaultTrustStore",
               "location": "${CellDefaultTrustStore_rhel9_baseCell01_KeyStore_2_location}",
               "password": "${CellDefaultTrustStore_rhel9_baseCell01_KeyStore_2_password}"
            }
         ],
         "logging": {
            "traceFileName": "trace.log",
            "traceFormat": "BASIC",
            "traceSpecification": "*=info"
         },
         "ssl": {
            "id": "NodeDefaultSSLSettings_rhel9-baseCell01_SSLConfig_2",
            "keyStoreRef": "NodeDefaultKeyStore",
            "sslProtocol": "${NodeDefaultSSLSettings_rhel9_baseCell01_SSLConfig_2_sslProtocol}",
            "trustStoreRef": "CellDefaultTrustStore"
         },
         "sslDefault": {
            "sslRef": "NodeDefaultSSLSettings_rhel9-baseCell01_SSLConfig_2"
         },
         "transaction": {
            "propogatedOrBMTTranLifetimeTimeout": "300"
         },
         "variable": [
            {
               "defaultValue": "rhel9-base.gym.lan",
               "name": "BOOTSTRAP_ADDRESS_host_2"
            },
            {
               "defaultValue": "2809",
               "name": "BOOTSTRAP_ADDRESS_port_2"
            },
            {
               "defaultValue": "modresorts-1_0-java8_war_ear_rhel9-baseCell01_CellDefaultTrustStore_trust.p12",
               "name": "CellDefaultTrustStore_rhel9_baseCell01_KeyStore_2_location"
            },
            {
               "defaultValue": "9406",
               "name": "CSIV2_SSL_SERVERAUTH_LISTENER_ADDRESS_2"
            },
            {
               "defaultValue": "*",
               "name": "httpEndpoint_host_2"
            },
            {
               "defaultValue": "9080",
               "name": "httpEndpoint_port_2"
            },
            {
               "defaultValue": "9443",
               "name": "httpEndpoint_secure_port_2"
            },
            {
               "defaultValue": "o=defaultWIMFileBasedRealm",
               "name": "InternalFileRepository_rhel9_baseCell01_o_defaultWIMFileBasedRealm_ldapRegistry_baseDN"
            },
            {
               "defaultValue": "modresorts-1_0-java8_war_ear_rhel9-baseNode01_NodeDefaultKeyStore_key.p12",
               "name": "NodeDefaultKeyStore_rhel9_baseCell01_KeyStore_7_location"
            },
            {
               "defaultValue": "TLSv1.3,TLSv1.2",
               "name": "NodeDefaultSSLSettings_rhel9_baseCell01_SSLConfig_2_sslProtocol"
            },
            {
               "defaultValue": "",
               "name": "CellDefaultTrustStore_rhel9_baseCell01_KeyStore_2_password"
            },
            {
               "defaultValue": "",
               "name": "NodeDefaultKeyStore_rhel9_baseCell01_KeyStore_7_password"
            },
            {
               "defaultValue": "",
               "name": "WIMUserRegistry_1_rhel9_baseCell01_userRegistry_primaryAdminId"
            }
         ],
         "webApplication": {
            "contextRoot": "/resorts",
            "id": "modresorts-1_0-java8_war.ear",
            "location": "modresorts-1.0-java8.war"
         }
      }
   }
}