{"_id":"233e83aa-61a7-40aa-a69e-35bf9a731eb4_AppSrv01_369646873927516_56e23a5d-3264-44e5-88ca-4ea45f02b104_DemoRPCClient.ear_json","_rev":"1-e28cae9dbc78be7832aaf6bfd2db61de","summary":{"servlets":1,"jsps":2,"jpaEntities":0,"bmpEntityBeans":0,"cmpEntityBeans":0,"messageDrivenBeans":0,"singletonSessionBeans":0,"statefulSessionBeans":0,"statelessSessionBeans":0,"jaxrpcConsumers":1,"jaxrpcProviders":0,"jaxrsConsumers":0,"jaxrsProviders":0,"jaxwsConsumers":0,"jaxwsProviders":0,"springBeans":0},"profileName":"AppSrv01_369646873927516","archives":{"ears":1,"wars":1,"rars":0,"ejbs":0,"webFragments":0,"utilityJars":0,"appClients":0},"created":1759429143909,"archiveInventory":[{"archiveName":"/opt/IBM/WebSphere/AppServer/profiles/AppSrv01/config/cells/demo-data-vm1Node01Cell/applications/DemoRPCClient.ear/DemoRPCClient.ear","moduleType":"Enterprise archive","moduleVersion":"6","moduleSize":24667,"checksum":"34ca1db1d5009a4e57cda486608a3f1e05fceb3dd78b1ffcb6cd8513150cb420","archives":{"wars":1,"rars":0,"ejbs":0,"utilityJars":0,"appClients":0},"summary":{"servlets":1,"jsps":2,"jpaEntities":0,"bmpEntityBeans":0,"cmpEntityBeans":0,"messageDrivenBeans":0,"singletonSessionBeans":0,"statefulSessionBeans":0,"statelessSessionBeans":0,"jaxrpcConsumers":1,"jaxrpcProviders":0,"jaxrsConsumers":0,"jaxrsProviders":0,"jaxwsConsumers":0,"jaxwsProviders":0,"springBeans":0},"potentialDeploymentProblemsSummary":{"archivesContainingDuplicateClasses":0,"archivesContainingJavaEEorSEClasses":0,"archivesContainingConflictingOpenSourceSoftwareClasses":0,"archivesContainingWebSphereClasses":0,"archivesNotReferencedInTheApplication":0,"archivesWithMissingDependenciesInTheApplication":0,"classesWithSystemLevelJVMConfiguration":0,"sharedLibrariesReferencingApplicationClasses":0},"potentialDeploymentProblemsDetails":[{"duplicateClassesWithinClassLoader":[]},{"duplicateClassesAcrossApplication":[]},{"javaEEandSEClasses":[]},{"duplicateWebSphereClasses":[]},{"openSourceSoftwareClasses":[]},{"archivesNotReferenced":[]},{"missingDependencies":[]},{"classesWithSystemLevelJVMConfiguration":[]},{"sharedLibraryDependencies":[]}],"performanceConsiderations":{"archivesThatAreCandidatesForMetadataCompleteTrueAttribute":[],"webModulesWithExcessiveClassFiles":[],"webModulesWithExcessiveStaticResources":[]},"operationalConsiderations":{"deploymentTargets":{"clusters":[],"nonClusteredServers":[{"name":"server1","node":"demo-data-vm1Node01","type":"APPLICATION_SERVER"}]}},"containedArchiveInventory":[{"archiveName":"/opt/IBM/WebSphere/AppServer/profiles/AppSrv01/config/cells/demo-data-vm1Node01Cell/applications/DemoRPCClient.ear/DemoRPCClient.ear/DemoRPCClient-1.0.0.war","moduleType":"Web module","moduleVersion":"3.0","metadataComplete":"Unspecified","checksum":"34ca1db1d5009a4e57cda486608a3f1e05fceb3dd78b1ffcb6cd8513150cb420","archives":{"ejbs":0,"webFragments":0,"utilityJars":0},"summary":{"servlets":1,"jsps":2,"jpaEntities":0,"bmpEntityBeans":0,"cmpEntityBeans":0,"messageDrivenBeans":0,"singletonSessionBeans":0,"statefulSessionBeans":0,"statelessSessionBeans":0,"jaxrpcConsumers":1,"jaxrpcProviders":0,"jaxrsConsumers":0,"jaxrsProviders":0,"jaxwsConsumers":0,"jaxwsProviders":0,"springBeans":0}}]}],"taskname":"233e83aa-61a7-40aa-a69e-35bf9a731eb4","buildID":"v20250909_2334","locale":"en_EN","type":"json","version":"4.0","sharedLibraries":[],"productVersion":"25.0.0.3","report":"inventory","options":["--includeHelpLocation","--maxUserDefinedRuleResults\u003d100","--userRuleLocation\u003d/root/datacollector/transformationadvisor-4.4.0/bin/../conf/userDefinedRules","--excludePackages\u003dch.qos,com.cloudant,com.cognos,com.fasterxml,com.filenet,com.ibatis,com.ibm,com.informix,com.lowagie,com.mchange,com.meterware,com.microsoft,com.mongodb,com.mysql,com.sun,com.sybase,filenet,freemarker,groovy,jakarta,java,javax,net,oracle,org,sqlj,sun,twitter4j,_ibmjsp"],"sharedLibraryDetails":[],"name":"DemoRPCClient.ear.inventory","tenantId":"56e23a5d-3264-44e5-88ca-4ea45f02b104","id":"233e83aa-61a7-40aa-a69e-35bf9a731eb4_AppSrv01_369646873927516_56e23a5d-3264-44e5-88ca-4ea45f02b104_DemoRPCClient.ear_json","applicationName":"DemoRPCClient.ear","productRelease":"25.0.0.3","applications":["/opt/IBM/WebSphere/AppServer/profiles/AppSrv01/config/cells/demo-data-vm1Node01Cell/applications/DemoRPCClient.ear/DemoRPCClient.ear"]}