{"report":"analysis","version":"1.4","productVersion":"25.0.0.3","productRelease":"25.0.0.3","buildID":"","options":["--sourceAppServer\u003dwas90","--sourceJava\u003dibm8","--sourceJavaEE\u003dee7","--targetAppServer\u003dliberty","--targetJava\u003dibm8","--targetJavaEE\u003dee6","--targetCloud\u003dcontainers","ch.qos,com.cloudant,com.cognos,com.fasterxml,com.filenet,com.ibatis,com.ibm,com.informix,com.lowagie,com.mchange,com.meterware,com.microsoft,com.mongodb,com.mysql,com.sun,com.sybase,filenet,freemarker,groovy,jakarta,java,javax,net,oracle,org,sqlj,sun,twitter4j,_ibmjsp"],"totalRulesFlagged":4,"filesAffected":9,"totalResults":12,"severitySummary":[{"severity":"Critical","severityId":"severe","totalRulesFlagged":1,"totalResults":1,"totalRulesFlaggedWithAutomatedFix":0,"totalResultsWithAutomatedFix":0},{"severity":"Information","severityId":"info","totalRulesFlagged":3,"totalResults":11,"totalRulesFlaggedWithAutomatedFix":0,"totalResultsWithAutomatedFix":0}],"applications":["/opt/IBM/WebSphere/AppServer/profiles/AppSrv01/config/cells/demo-data-vm1Node01Cell/applications/DemoRPCClient.ear/DemoRPCClient.ear"],"rules":[{"ruleName":"Application contains WSDL2Java generated classes","ruleId":"WebSphereWebServicesGeneratedClassesRule","devCost":"0","instanceCost":"0","severity":"Information","severityId":"info","alternativeRecipes":[],"category":"WebSphere traditional to Liberty","categoryId":"appconversion.was2liberty.category","totalResults":6,"results":[{"fileName":"DemoRPCClient.ear/DemoRPCClient-1.0.0.war/WEB-INF/classes/rpc/demo/DemoRPCStub.class","details":[{"reference":"Constructor","match":"com.ibm.ws.webservices.engine","lineNumber":19}]},{"fileName":"DemoRPCClient.ear/DemoRPCClient-1.0.0.war/WEB-INF/classes/rpc/demo/DemoRPC_ServiceInformation.class","details":[{"reference":"Class implements","match":"com.ibm.ws.webservices.multiprotocol","lineNumber":0}]},{"fileName":"DemoRPCClient.ear/DemoRPCClient-1.0.0.war/WEB-INF/classes/rpc/demo/DemoRPC_ServiceLocator.class","details":[{"reference":"Class implements","match":"com.ibm.ws.webservices.multiprotocol","lineNumber":0}]},{"fileName":"DemoRPCClient.ear/DemoRPCClient-1.0.0.war/WEB-INF/classes/rpc/demo/Person_Deser.class","details":[{"reference":"Constructor","match":"com.ibm.ws.webservices.engine.description","lineNumber":19}]},{"fileName":"DemoRPCClient.ear/DemoRPCClient-1.0.0.war/WEB-INF/classes/rpc/demo/Person_Helper.class","details":[{"reference":"Field typeDesc","match":"com.ibm.ws.webservices.engine.description","lineNumber":0}]},{"fileName":"DemoRPCClient.ear/DemoRPCClient-1.0.0.war/WEB-INF/classes/rpc/demo/Person_Ser.class","details":[{"reference":"Constructor","match":"com.ibm.ws.webservices.engine.description","lineNumber":19}]}]},{"ruleName":"Migrate JAX-RPC to JAX-WS","ruleId":"DetectJAXRPCSourceMigration","devCost":"5","instanceCost":"0","severity":"Critical","severityId":"severe","alternativeRecipes":[],"category":"Java Technology Support for Liberty","categoryId":"com.ibm.rrd.liberty.rules.liberty.profile.technology.ruleset","totalResults":1,"results":[{"fileName":"DemoRPCClient.ear/DemoRPCClient-1.0.0.war/WEB-INF/classes/rpc/demo/DemoRPCServlet.class","details":[{"reference":"Method createProxy","match":"javax.xml.rpc","lineNumber":64}]}]},{"ruleName":"Remote web services","ruleId":"RemoteWebServicesRule","devCost":"0","instanceCost":"0","severity":"Information","severityId":"info","alternativeRecipes":[],"category":"Technology connectivity considerations for IBM Cloud","categoryId":"appconversion.cloud.category.technology.connectivity","totalResults":1,"results":[{"fileName":"DemoRPCClient.ear/DemoRPCClient-1.0.0.war/WEB-INF/web.xml","details":[{"match":"service-ref","lineNumber":2}]}]},{"ruleName":"Validate the URL host and port for cloud access","ruleId":"URLRuleDockerCloud","devCost":"0","instanceCost":"0","severity":"Information","severityId":"info","alternativeRecipes":[],"category":"Connectivity considerations for IBM Cloud (Containers and Virtual machines)","categoryId":"appconversion.cloud.category.connectivity.dockerAndWASOnCloud","totalResults":4,"results":[{"fileName":"DemoRPCClient.ear/DemoRPCClient-1.0.0.war","details":[{"reference":"1","match":"address.location\u003dhttp://localhost:9080/DemoRPC/services/DemoRPC","lineNumber":0},{"reference":"2","match":"http://websphere.ibm.com/webservices/","lineNumber":0},{"reference":"4","match":"https://demo-data-vm1.fyre.ibm.com:9443/DemoRPC/services/DemoRPC","lineNumber":0},{"reference":"54","match":"http://demo.rpc","lineNumber":0}]}]}]}