{"_id":"233e83aa-61a7-40aa-a69e-35bf9a731eb4_AppSrv01_369646873927516_56e23a5d-3264-44e5-88ca-4ea45f02b104_DemoRPCClient.ear_json","_rev":"1-36d322a3fe3b316c969358fe6909d373","profileName":"AppSrv01_369646873927516","created":1759429143909,"taskname":"233e83aa-61a7-40aa-a69e-35bf9a731eb4","buildID":"v20250909_2334","locale":"en_EN","type":"json","version":"2.3","productVersion":"25.0.0.3","overallSummary":{"openLiberty":false,"libertyCore":false,"liberty":false,"websphereTraditional":true,"ndLiberty":false,"ndTraditional":true,"zosLiberty":false,"zosTraditional":true},"report":"technology","options":["--baseEdition","--coreEdition","--includeHelpLocation","--liberty","--ndEdition","--traditional","--zosEdition","--excludePackages\u003dch.qos,com.cloudant,com.cognos,com.fasterxml,com.filenet,com.ibatis,com.ibm,com.informix,com.lowagie,com.mchange,com.meterware,com.microsoft,com.mongodb,com.mysql,com.sun,com.sybase,filenet,freemarker,groovy,jakarta,java,javax,net,oracle,org,sqlj,sun,twitter4j,_ibmjsp"],"name":"DemoRPCClient.ear.eval","tenantId":"56e23a5d-3264-44e5-88ca-4ea45f02b104","id":"233e83aa-61a7-40aa-a69e-35bf9a731eb4_AppSrv01_369646873927516_56e23a5d-3264-44e5-88ca-4ea45f02b104_DemoRPCClient.ear_json","applicationName":"DemoRPCClient.ear","productRelease":"25.0.0.3","applications":[{"application":"/opt/IBM/WebSphere/AppServer/profiles/AppSrv01/config/cells/demo-data-vm1Node01Cell/applications/DemoRPCClient.ear/DemoRPCClient.ear","summary":{"openLiberty":false,"libertyCore":false,"liberty":false,"websphereTraditional":true,"ndLiberty":false,"ndTraditional":true,"zosLiberty":false,"zosTraditional":true},"technologies":[{"technology":"Java API for XML-based RPC (JAX-RPC)","openLiberty":false,"libertyCore":false,"liberty":false,"websphereTraditional":true,"ndLiberty":false,"ndTraditional":true,"zosLiberty":false,"zosTraditional":true},{"technology":"Java Servlet","openLiberty":true,"libertyCore":true,"liberty":true,"websphereTraditional":true,"ndLiberty":true,"ndTraditional":true,"zosLiberty":true,"zosTraditional":true},{"technology":"JavaServer Pages / Expression Language (JSP/EL)","openLiberty":true,"libertyCore":true,"liberty":true,"websphereTraditional":true,"ndLiberty":true,"ndTraditional":true,"zosLiberty":true,"zosTraditional":true},{"technology":"Standard Tag Library for JavaServer Pages (JSTL)","openLiberty":true,"libertyCore":true,"liberty":true,"websphereTraditional":true,"ndLiberty":true,"ndTraditional":true,"zosLiberty":true,"zosTraditional":true}],"incompleteReportErrors":[],"footnotes":[]}]}