{"_id":"dc814e14-7478-4b7c-b75c-828f68a343fa_AppSrv01_dbf9094c-cd93-4070-808d-2193d3c84aef_DemoRPC-1_0_0_war.ear_json","_rev":"1-c581df24a4c88300197e6acd4b4a4d37","profileName":"AppSrv01","created":1763390351833,"taskname":"dc814e14-7478-4b7c-b75c-828f68a343fa","buildID":"v20251103_2334","locale":"en_EN","type":"json","version":"2.3","productVersion":"25.0.0.4","overallSummary":{"openLiberty":false,"libertyCore":false,"liberty":false,"websphereTraditional":true,"ndLiberty":false,"ndTraditional":true,"zosLiberty":false,"zosTraditional":true},"report":"technology","options":["--baseEdition","--coreEdition","--includeHelpLocation","--liberty","--ndEdition","--traditional","--zosEdition","--excludePackages\u003dch.qos,com.cloudant,com.cognos,com.fasterxml,com.filenet,com.ibatis,com.ibm,com.informix,com.lowagie,com.mchange,com.meterware,com.microsoft,com.mongodb,com.mysql,com.sun,com.sybase,filenet,freemarker,groovy,jakarta,java,javax,net,oracle,org,sqlj,sun,twitter4j,_ibmjsp"],"name":"DemoRPC-1_0_0_war.ear.eval","tenantId":"dbf9094c-cd93-4070-808d-2193d3c84aef","id":"dc814e14-7478-4b7c-b75c-828f68a343fa_AppSrv01_dbf9094c-cd93-4070-808d-2193d3c84aef_DemoRPC-1_0_0_war.ear_json","applicationName":"DemoRPC-1_0_0_war.ear","productRelease":"25.0.0.4","applications":[{"application":"/home/techzone/IBM/WebSphere/AppServer/profiles/AppSrv01/config/cells/rhel9-baseCell01/applications/DemoRPC-1_0_0_war.ear/DemoRPC-1_0_0_war.ear","summary":{"openLiberty":false,"libertyCore":false,"liberty":false,"websphereTraditional":true,"ndLiberty":false,"ndTraditional":true,"zosLiberty":false,"zosTraditional":true},"technologies":[{"technology":"Java API for XML-based RPC (JAX-RPC)","openLiberty":false,"libertyCore":false,"liberty":false,"websphereTraditional":true,"ndLiberty":false,"ndTraditional":true,"zosLiberty":false,"zosTraditional":true},{"technology":"Java Servlet","openLiberty":true,"libertyCore":true,"liberty":true,"websphereTraditional":true,"ndLiberty":true,"ndTraditional":true,"zosLiberty":true,"zosTraditional":true},{"technology":"JavaServer Pages / Expression Language (JSP/EL)","openLiberty":true,"libertyCore":true,"liberty":true,"websphereTraditional":true,"ndLiberty":true,"ndTraditional":true,"zosLiberty":true,"zosTraditional":true}],"incompleteReportErrors":[],"footnotes":[]}]}