{"_id":"87ee620a-955a-415f-8b67-3b69d4e1af99_Dmgr01_697f8094-a8f0-4a5e-a568-3603d4380967_DemoRPC-1_0_0_war.ear_json","_rev":"1-ff9fe638171f574aae67aff92119a402","summary":{"servlets":1,"jsps":1,"jpaEntities":0,"bmpEntityBeans":0,"cmpEntityBeans":0,"messageDrivenBeans":0,"singletonSessionBeans":0,"statefulSessionBeans":0,"statelessSessionBeans":0,"jaxrpcConsumers":0,"jaxrpcProviders":2,"jaxrsConsumers":0,"jaxrsProviders":0,"jaxwsConsumers":0,"jaxwsProviders":0,"springBeans":0},"profileName":"Dmgr01","archives":{"ears":1,"wars":1,"rars":0,"ejbs":0,"webFragments":0,"utilityJars":0,"appClients":0},"created":1765209994667,"archiveInventory":[{"archiveName":"/home/techzone/IBM/WebSphere/AppServer/profiles/Dmgr01/config/cells/rhel9-baseCell01/applications/DemoRPC-1_0_0_war.ear/DemoRPC-1_0_0_war.ear","moduleType":"Enterprise archive","moduleVersion":"7","moduleSize":13183,"checksum":"da172bf5f0521fa1e0442dd74d96e7f43aae46b17d3d15646a1c69f40b1f2a83","archives":{"wars":1,"rars":0,"ejbs":0,"utilityJars":0,"appClients":0},"summary":{"servlets":1,"jsps":1,"jpaEntities":0,"bmpEntityBeans":0,"cmpEntityBeans":0,"messageDrivenBeans":0,"singletonSessionBeans":0,"statefulSessionBeans":0,"statelessSessionBeans":0,"jaxrpcConsumers":0,"jaxrpcProviders":2,"jaxrsConsumers":0,"jaxrsProviders":0,"jaxwsConsumers":0,"jaxwsProviders":0,"springBeans":0},"potentialDeploymentProblemsSummary":{"archivesContainingDuplicateClasses":0,"archivesContainingJavaEEorSEClasses":0,"archivesContainingConflictingOpenSourceSoftwareClasses":0,"archivesContainingWebSphereClasses":0,"archivesNotReferencedInTheApplication":0,"archivesWithMissingDependenciesInTheApplication":0,"classesWithSystemLevelJVMConfiguration":0,"sharedLibrariesReferencingApplicationClasses":0},"potentialDeploymentProblemsDetails":[{"duplicateClassesWithinClassLoader":[]},{"duplicateClassesAcrossApplication":[]},{"javaEEandSEClasses":[]},{"duplicateWebSphereClasses":[]},{"openSourceSoftwareClasses":[]},{"archivesNotReferenced":[]},{"missingDependencies":[]},{"classesWithSystemLevelJVMConfiguration":[]},{"sharedLibraryDependencies":[]}],"performanceConsiderations":{"archivesThatAreCandidatesForMetadataCompleteTrueAttribute":["DemoRPC-1.0.0.war"],"webModulesWithExcessiveClassFiles":[],"webModulesWithExcessiveStaticResources":[]},"operationalConsiderations":{"deploymentTargets":{"clusters":[],"nonClusteredServers":[{"name":"server1","node":"rhel9-baseNode01","type":"APPLICATION_SERVER"},{"name":"webserver1","node":"rhel9-baseNode01","type":"WEB_SERVER"}]}},"containedArchiveInventory":[{"archiveName":"/home/techzone/IBM/WebSphere/AppServer/profiles/Dmgr01/config/cells/rhel9-baseCell01/applications/DemoRPC-1_0_0_war.ear/DemoRPC-1_0_0_war.ear/DemoRPC-1.0.0.war","moduleType":"Web module","metadataComplete":"Unspecified","checksum":"da172bf5f0521fa1e0442dd74d96e7f43aae46b17d3d15646a1c69f40b1f2a83","archives":{"ejbs":0,"webFragments":0,"utilityJars":0},"summary":{"servlets":1,"jsps":1,"jpaEntities":0,"bmpEntityBeans":0,"cmpEntityBeans":0,"messageDrivenBeans":0,"singletonSessionBeans":0,"statefulSessionBeans":0,"statelessSessionBeans":0,"jaxrpcConsumers":0,"jaxrpcProviders":2,"jaxrsConsumers":0,"jaxrsProviders":0,"jaxwsConsumers":0,"jaxwsProviders":0,"springBeans":0}}]}],"taskname":"87ee620a-955a-415f-8b67-3b69d4e1af99","buildID":"v20251103_2334","locale":"en_EN","type":"json","version":"4.0","sharedLibraries":[],"productVersion":"25.0.0.4","report":"inventory","options":["--includeHelpLocation","--maxUserDefinedRuleResults\u003d100","--userRuleLocation\u003d/home/techzone/Student/ama_discovery/ama-discovery-4.5.0/bin/../conf/userDefinedRules","--excludePackages\u003dch.qos,com.cloudant,com.cognos,com.fasterxml,com.filenet,com.ibatis,com.ibm,com.informix,com.lowagie,com.mchange,com.meterware,com.microsoft,com.mongodb,com.mysql,com.sun,com.sybase,filenet,freemarker,groovy,jakarta,java,javax,net,oracle,org,sqlj,sun,twitter4j,_ibmjsp"],"sharedLibraryDetails":[],"name":"DemoRPC-1_0_0_war.ear.inventory","tenantId":"697f8094-a8f0-4a5e-a568-3603d4380967","id":"87ee620a-955a-415f-8b67-3b69d4e1af99_Dmgr01_697f8094-a8f0-4a5e-a568-3603d4380967_DemoRPC-1_0_0_war.ear_json","applicationName":"DemoRPC-1_0_0_war.ear","productRelease":"25.0.0.4","applications":["/home/techzone/IBM/WebSphere/AppServer/profiles/Dmgr01/config/cells/rhel9-baseCell01/applications/DemoRPC-1_0_0_war.ear/DemoRPC-1_0_0_war.ear"]}