{
   "productInf": [
      {
         "name": "IBM Modernized Runtime Extension for Java",
         "id": "MORE",
         "version": "1.0.0.1",
         "buildDate": "5/28/25",
         "buildLevel": "f5242521.04"
      },
      {
         "name": "IBM SDK, Java Technology Edition, Version 8",
         "id": "JAVA8",
         "version": "8.0.8.45",
         "buildDate": "04/22/25",
         "buildLevel": "pxa6480sr8fp45-20250422_01"
      },
      {
         "name": "IBM WebSphere Application Server Network Deployment",
         "id": "ND",
         "version": "9.0.5.24",
         "buildDate": "5/28/25",
         "buildLevel": "f5242521.04"
      }
   ],
   "profiles": [
      {
         "name": "Dmgr01",
         "profilePath": "/home/techzone/IBM/WebSphere/AppServer/profiles/Dmgr01",
         "cellName": "rhel9-baseCell01",
         "servers": [
            {
               "name": "rhel9-baseCellManager01/dmgr",
               "displayName": "",
               "serverType": "DEPLOYMENT_MANAGER"
            },
            {
               "name": "rhel9-baseNode01/nodeagent",
               "displayName": "",
               "serverType": "NODE_AGENT"
            },
            {
               "name": "rhel9-baseNode01/server1",
               "displayName": "",
               "serverType": "APPLICATION_SERVER"
            },
            {
               "name": "rhel9-baseNode01/webserver1",
               "displayName": "",
               "serverType": "WEB_SERVER"
            },
            {
               "name": "rhel9-baseNode02/nodeagent",
               "displayName": "",
               "serverType": "NODE_AGENT"
            },
            {
               "name": "rhel9-baseNode02/server2",
               "displayName": "",
               "serverType": "APPLICATION_SERVER"
            }
         ],
         "clusterNames": [
         ],
         "clusterInfo": [
         ],
         "applications": [
            "/home/techzone/IBM/WebSphere/AppServer/profiles/Dmgr01/config/cells/rhel9-baseCell01/applications/DemoRPC-1_0_0_war.ear/DemoRPC-1_0_0_war.ear",
            "/home/techzone/IBM/WebSphere/AppServer/profiles/Dmgr01/config/cells/rhel9-baseCell01/applications/DemoRPCClient-1_0_0_war.ear/DemoRPCClient-1_0_0_war.ear",
            "/home/techzone/IBM/WebSphere/AppServer/profiles/Dmgr01/config/cells/rhel9-baseCell01/applications/modresorts-1_0-java8_war.ear/modresorts-1_0-java8_war.ear"
         ],
         "appsInfo": [
            {
               "name": "DemoRPC-1_0_0_war.ear",
               "path": "/home/techzone/IBM/WebSphere/AppServer/profiles/Dmgr01/config/cells/rhel9-baseCell01/applications/DemoRPC-1_0_0_war.ear/DemoRPC-1_0_0_war.ear",
               "hasSharedLibrary": false,
               "server": ""
            },
            {
               "name": "DemoRPCClient-1_0_0_war.ear",
               "path": "/home/techzone/IBM/WebSphere/AppServer/profiles/Dmgr01/config/cells/rhel9-baseCell01/applications/DemoRPCClient-1_0_0_war.ear/DemoRPCClient-1_0_0_war.ear",
               "hasSharedLibrary": false,
               "server": ""
            },
            {
               "name": "modresorts-1_0-java8_war.ear",
               "path": "/home/techzone/IBM/WebSphere/AppServer/profiles/Dmgr01/config/cells/rhel9-baseCell01/applications/modresorts-1_0-java8_war.ear/modresorts-1_0-java8_war.ear",
               "hasSharedLibrary": false,
               "server": ""
            }
         ],
         "isStandalone": false,
         "webSphereVersion": "was90",
         "javaVersion": "ibm8",
         "javaEEVersion": "ee7",
         "appsFound": true,
         "sharedLibraries": [
            {
               "name": "JWLLib",
               "scope": "/home/techzone/IBM/WebSphere/AppServer/profiles/Dmgr01/config/cells/rhel9-baseCell01/nodes/rhel9-baseCellManager01/servers/dmgr",
               "classPathEntries": [
                  "/home/techzone/IBM/WebSphere/AppServer/optionalLibraries/IBM/JWL/2.0/odc-jsf.jar",
                  "/home/techzone/IBM/WebSphere/AppServer/optionalLibraries/IBM/JWL/2.0/jsf-ibm.jar"
               ],
               "applicationName": [
               ],
               "isServerLevelSL": false
            }
         ],
         "serverClasspath": [
         ],
         "webSphereVariables": [
            {
               "name": "APP_INSTALL_ROOT",
               "scope": "/home/techzone/IBM/WebSphere/AppServer/profiles/Dmgr01/config/cells/rhel9-baseCell01/nodes/rhel9-baseCellManager01",
               "value": "/home/techzone/IBM/WebSphere/AppServer/profiles/Dmgr01/installedApps"
            },
            {
               "name": "APP_INSTALL_ROOT",
               "scope": "/home/techzone/IBM/WebSphere/AppServer/profiles/Dmgr01/config/cells/rhel9-baseCell01/nodes/rhel9-baseNode01",
               "value": "/home/techzone/IBM/WebSphere/AppServer/profiles/AppSrv01/installedApps"
            },
            {
               "name": "APP_INSTALL_ROOT",
               "scope": "/home/techzone/IBM/WebSphere/AppServer/profiles/Dmgr01/config/cells/rhel9-baseCell01/nodes/rhel9-baseNode02",
               "value": "/home/techzone/IBM/WebSphere/AppServer/profiles/AppSrv02/installedApps"
            },
            {
               "name": "ARS_NAME",
               "scope": "/home/techzone/IBM/WebSphere/AppServer/profiles/Dmgr01/config/cells/rhel9-baseCell01/nodes/rhel9-baseCellManager01",
               "value": "ibmARS.ear"
            },
            {
               "name": "ARS_NAME",
               "scope": "/home/techzone/IBM/WebSphere/AppServer/profiles/Dmgr01/config/cells/rhel9-baseCell01/nodes/rhel9-baseNode01",
               "value": "ibmARS.ear"
            },
            {
               "name": "ARS_NAME",
               "scope": "/home/techzone/IBM/WebSphere/AppServer/profiles/Dmgr01/config/cells/rhel9-baseCell01/nodes/rhel9-baseNode02",
               "value": "ibmARS.ear"
            },
            {
               "name": "BEA_HOME",
               "scope": "/home/techzone/IBM/WebSphere/AppServer/profiles/Dmgr01/config/cells/rhel9-baseCell01",
               "value": "/opt/bea"
            },
            {
               "name": "CATALINA_HOME",
               "scope": "/home/techzone/IBM/WebSphere/AppServer/profiles/Dmgr01/config/cells/rhel9-baseCell01",
               "value": "/usr/local/apache-tomcat"
            },
            {
               "name": "CONNECTJDBC_JDBC_DRIVER_PATH",
               "scope": "/home/techzone/IBM/WebSphere/AppServer/profiles/Dmgr01/config/cells/rhel9-baseCell01/nodes/rhel9-baseCellManager01",
               "value": ""
            },
            {
               "name": "CONNECTJDBC_JDBC_DRIVER_PATH",
               "scope": "/home/techzone/IBM/WebSphere/AppServer/profiles/Dmgr01/config/cells/rhel9-baseCell01/nodes/rhel9-baseNode01",
               "value": ""
            },
            {
               "name": "CONNECTJDBC_JDBC_DRIVER_PATH",
               "scope": "/home/techzone/IBM/WebSphere/AppServer/profiles/Dmgr01/config/cells/rhel9-baseCell01/nodes/rhel9-baseNode02",
               "value": ""
            },
            {
               "name": "CONNECTOR_INSTALL_ROOT",
               "scope": "/home/techzone/IBM/WebSphere/AppServer/profiles/Dmgr01/config/cells/rhel9-baseCell01/nodes/rhel9-baseCellManager01",
               "value": "/home/techzone/IBM/WebSphere/AppServer/profiles/Dmgr01/installedConnectors"
            },
            {
               "name": "CONNECTOR_INSTALL_ROOT",
               "scope": "/home/techzone/IBM/WebSphere/AppServer/profiles/Dmgr01/config/cells/rhel9-baseCell01/nodes/rhel9-baseNode01",
               "value": "/home/techzone/IBM/WebSphere/AppServer/profiles/AppSrv01/installedConnectors"
            },
            {
               "name": "CONNECTOR_INSTALL_ROOT",
               "scope": "/home/techzone/IBM/WebSphere/AppServer/profiles/Dmgr01/config/cells/rhel9-baseCell01/nodes/rhel9-baseNode02",
               "value": "/home/techzone/IBM/WebSphere/AppServer/profiles/AppSrv02/installedConnectors"
            },
            {
               "name": "DB2390_JDBC_DRIVER_PATH",
               "scope": "/home/techzone/IBM/WebSphere/AppServer/profiles/Dmgr01/config/cells/rhel9-baseCell01/nodes/rhel9-baseCellManager01",
               "value": ""
            },
            {
               "name": "DB2390_JDBC_DRIVER_PATH",
               "scope": "/home/techzone/IBM/WebSphere/AppServer/profiles/Dmgr01/config/cells/rhel9-baseCell01/nodes/rhel9-baseNode01",
               "value": ""
            },
            {
               "name": "DB2390_JDBC_DRIVER_PATH",
               "scope": "/home/techzone/IBM/WebSphere/AppServer/profiles/Dmgr01/config/cells/rhel9-baseCell01/nodes/rhel9-baseNode02",
               "value": ""
            },
            {
               "name": "DB2UNIVERSAL_JDBC_DRIVER_NATIVEPATH",
               "scope": "/home/techzone/IBM/WebSphere/AppServer/profiles/Dmgr01/config/cells/rhel9-baseCell01/nodes/rhel9-baseCellManager01",
               "value": ""
            },
            {
               "name": "DB2UNIVERSAL_JDBC_DRIVER_NATIVEPATH",
               "scope": "/home/techzone/IBM/WebSphere/AppServer/profiles/Dmgr01/config/cells/rhel9-baseCell01/nodes/rhel9-baseNode01",
               "value": ""
            },
            {
               "name": "DB2UNIVERSAL_JDBC_DRIVER_NATIVEPATH",
               "scope": "/home/techzone/IBM/WebSphere/AppServer/profiles/Dmgr01/config/cells/rhel9-baseCell01/nodes/rhel9-baseNode02",
               "value": ""
            },
            {
               "name": "DB2UNIVERSAL_JDBC_DRIVER_PATH",
               "scope": "/home/techzone/IBM/WebSphere/AppServer/profiles/Dmgr01/config/cells/rhel9-baseCell01/nodes/rhel9-baseCellManager01",
               "value": ""
            },
            {
               "name": "DB2UNIVERSAL_JDBC_DRIVER_PATH",
               "scope": "/home/techzone/IBM/WebSphere/AppServer/profiles/Dmgr01/config/cells/rhel9-baseCell01/nodes/rhel9-baseNode01",
               "value": ""
            },
            {
               "name": "DB2UNIVERSAL_JDBC_DRIVER_PATH",
               "scope": "/home/techzone/IBM/WebSphere/AppServer/profiles/Dmgr01/config/cells/rhel9-baseCell01/nodes/rhel9-baseNode02",
               "value": ""
            },
            {
               "name": "DB2_JCC_DRIVER_NATIVEPATH",
               "scope": "/home/techzone/IBM/WebSphere/AppServer/profiles/Dmgr01/config/cells/rhel9-baseCell01/nodes/rhel9-baseCellManager01",
               "value": ""
            },
            {
               "name": "DB2_JCC_DRIVER_NATIVEPATH",
               "scope": "/home/techzone/IBM/WebSphere/AppServer/profiles/Dmgr01/config/cells/rhel9-baseCell01/nodes/rhel9-baseNode01",
               "value": ""
            },
            {
               "name": "DB2_JCC_DRIVER_NATIVEPATH",
               "scope": "/home/techzone/IBM/WebSphere/AppServer/profiles/Dmgr01/config/cells/rhel9-baseCell01/nodes/rhel9-baseNode02",
               "value": ""
            },
            {
               "name": "DB2_JCC_DRIVER_PATH",
               "scope": "/home/techzone/IBM/WebSphere/AppServer/profiles/Dmgr01/config/cells/rhel9-baseCell01/nodes/rhel9-baseCellManager01",
               "value": ""
            },
            {
               "name": "DB2_JCC_DRIVER_PATH",
               "scope": "/home/techzone/IBM/WebSphere/AppServer/profiles/Dmgr01/config/cells/rhel9-baseCell01/nodes/rhel9-baseNode01",
               "value": ""
            },
            {
               "name": "DB2_JCC_DRIVER_PATH",
               "scope": "/home/techzone/IBM/WebSphere/AppServer/profiles/Dmgr01/config/cells/rhel9-baseCell01/nodes/rhel9-baseNode02",
               "value": ""
            },
            {
               "name": "DB2_JDBC_DRIVER_PATH",
               "scope": "/home/techzone/IBM/WebSphere/AppServer/profiles/Dmgr01/config/cells/rhel9-baseCell01/nodes/rhel9-baseCellManager01",
               "value": ""
            },
            {
               "name": "DB2_JDBC_DRIVER_PATH",
               "scope": "/home/techzone/IBM/WebSphere/AppServer/profiles/Dmgr01/config/cells/rhel9-baseCell01/nodes/rhel9-baseNode01",
               "value": ""
            },
            {
               "name": "DB2_JDBC_DRIVER_PATH",
               "scope": "/home/techzone/IBM/WebSphere/AppServer/profiles/Dmgr01/config/cells/rhel9-baseCell01/nodes/rhel9-baseNode02",
               "value": ""
            },
            {
               "name": "DEPLOY_TOOL_ROOT",
               "scope": "/home/techzone/IBM/WebSphere/AppServer/profiles/Dmgr01/config/cells/rhel9-baseCell01/nodes/rhel9-baseCellManager01",
               "value": "/home/techzone/IBM/WebSphere/AppServer/deploytool/itp"
            },
            {
               "name": "DEPLOY_TOOL_ROOT",
               "scope": "/home/techzone/IBM/WebSphere/AppServer/profiles/Dmgr01/config/cells/rhel9-baseCell01/nodes/rhel9-baseNode01",
               "value": "/home/techzone/IBM/WebSphere/AppServer/deploytool/itp"
            },
            {
               "name": "DEPLOY_TOOL_ROOT",
               "scope": "/home/techzone/IBM/WebSphere/AppServer/profiles/Dmgr01/config/cells/rhel9-baseCell01/nodes/rhel9-baseNode02",
               "value": "/home/techzone/IBM/WebSphere/AppServer/deploytool/itp"
            },
            {
               "name": "DERBY_JDBC_DRIVER_PATH",
               "scope": "/home/techzone/IBM/WebSphere/AppServer/profiles/Dmgr01/config/cells/rhel9-baseCell01",
               "value": "${WAS_INSTALL_ROOT}/derby/lib"
            },
            {
               "name": "DERBY_JDBC_DRIVER_PATH",
               "scope": "/home/techzone/IBM/WebSphere/AppServer/profiles/Dmgr01/config/cells/rhel9-baseCell01/nodes/rhel9-baseCellManager01",
               "value": "/home/techzone/IBM/WebSphere/AppServer/derby/lib"
            },
            {
               "name": "DERBY_JDBC_DRIVER_PATH",
               "scope": "/home/techzone/IBM/WebSphere/AppServer/profiles/Dmgr01/config/cells/rhel9-baseCell01/nodes/rhel9-baseNode01",
               "value": "/home/techzone/IBM/WebSphere/AppServer/derby/lib"
            },
            {
               "name": "DERBY_JDBC_DRIVER_PATH",
               "scope": "/home/techzone/IBM/WebSphere/AppServer/profiles/Dmgr01/config/cells/rhel9-baseCell01/nodes/rhel9-baseNode02",
               "value": "/home/techzone/IBM/WebSphere/AppServer/derby/lib"
            },
            {
               "name": "DRIVER_PATH",
               "scope": "/home/techzone/IBM/WebSphere/AppServer/profiles/Dmgr01/config/cells/rhel9-baseCell01/nodes/rhel9-baseCellManager01",
               "value": "/home/techzone/IBM/WebSphere/AppServer"
            },
            {
               "name": "DRIVER_PATH",
               "scope": "/home/techzone/IBM/WebSphere/AppServer/profiles/Dmgr01/config/cells/rhel9-baseCell01/nodes/rhel9-baseNode01",
               "value": "/home/techzone/IBM/WebSphere/AppServer"
            },
            {
               "name": "DRIVER_PATH",
               "scope": "/home/techzone/IBM/WebSphere/AppServer/profiles/Dmgr01/config/cells/rhel9-baseCell01/nodes/rhel9-baseNode02",
               "value": "/home/techzone/IBM/WebSphere/AppServer"
            },
            {
               "name": "GERONIMO_HOME",
               "scope": "/home/techzone/IBM/WebSphere/AppServer/profiles/Dmgr01/config/cells/rhel9-baseCell01",
               "value": "/opt/IBM/WebSphere/AppServerCommunityEdition"
            },
            {
               "name": "GRID_ENDPOINT_DATASOURCE",
               "scope": "/home/techzone/IBM/WebSphere/AppServer/profiles/Dmgr01/config/cells/rhel9-baseCell01",
               "value": "jdbc/pgc"
            },
            {
               "name": "GRID_JOBLOG_ROOT",
               "scope": "/home/techzone/IBM/WebSphere/AppServer/profiles/Dmgr01/config/cells/rhel9-baseCell01",
               "value": "/home/techzone/IBM/WebSphere/AppServer/profiles/AppSrv02"
            },
            {
               "name": "INFORMIX_JCC_DRIVER_PATH",
               "scope": "/home/techzone/IBM/WebSphere/AppServer/profiles/Dmgr01/config/cells/rhel9-baseCell01/nodes/rhel9-baseCellManager01",
               "value": ""
            },
            {
               "name": "INFORMIX_JCC_DRIVER_PATH",
               "scope": "/home/techzone/IBM/WebSphere/AppServer/profiles/Dmgr01/config/cells/rhel9-baseCell01/nodes/rhel9-baseNode01",
               "value": ""
            },
            {
               "name": "INFORMIX_JCC_DRIVER_PATH",
               "scope": "/home/techzone/IBM/WebSphere/AppServer/profiles/Dmgr01/config/cells/rhel9-baseCell01/nodes/rhel9-baseNode02",
               "value": ""
            },
            {
               "name": "INFORMIX_JDBC_DRIVER_PATH",
               "scope": "/home/techzone/IBM/WebSphere/AppServer/profiles/Dmgr01/config/cells/rhel9-baseCell01/nodes/rhel9-baseCellManager01",
               "value": ""
            },
            {
               "name": "INFORMIX_JDBC_DRIVER_PATH",
               "scope": "/home/techzone/IBM/WebSphere/AppServer/profiles/Dmgr01/config/cells/rhel9-baseCell01/nodes/rhel9-baseNode01",
               "value": ""
            },
            {
               "name": "INFORMIX_JDBC_DRIVER_PATH",
               "scope": "/home/techzone/IBM/WebSphere/AppServer/profiles/Dmgr01/config/cells/rhel9-baseCell01/nodes/rhel9-baseNode02",
               "value": ""
            },
            {
               "name": "JAVA_HOME",
               "scope": "/home/techzone/IBM/WebSphere/AppServer/profiles/Dmgr01/config/cells/rhel9-baseCell01/nodes/rhel9-baseCellManager01",
               "value": "/home/techzone/IBM/WebSphere/AppServer/java/8.0"
            },
            {
               "name": "JAVA_HOME",
               "scope": "/home/techzone/IBM/WebSphere/AppServer/profiles/Dmgr01/config/cells/rhel9-baseCell01/nodes/rhel9-baseNode01",
               "value": "/home/techzone/IBM/WebSphere/AppServer/java/8.0"
            },
            {
               "name": "JAVA_HOME",
               "scope": "/home/techzone/IBM/WebSphere/AppServer/profiles/Dmgr01/config/cells/rhel9-baseCell01/nodes/rhel9-baseNode02",
               "value": "/home/techzone/IBM/WebSphere/AppServer/java/8.0"
            },
            {
               "name": "JBOSS_HOME",
               "scope": "/home/techzone/IBM/WebSphere/AppServer/profiles/Dmgr01/config/cells/rhel9-baseCell01",
               "value": "/usr/local/jboss"
            },
            {
               "name": "JVM_CACHE",
               "scope": "/home/techzone/IBM/WebSphere/AppServer/profiles/Dmgr01/config/cells/rhel9-baseCell01/nodes/rhel9-baseCellManager01",
               "value": ""
            },
            {
               "name": "JVM_CACHE",
               "scope": "/home/techzone/IBM/WebSphere/AppServer/profiles/Dmgr01/config/cells/rhel9-baseCell01/nodes/rhel9-baseNode01",
               "value": ""
            },
            {
               "name": "JVM_CACHE",
               "scope": "/home/techzone/IBM/WebSphere/AppServer/profiles/Dmgr01/config/cells/rhel9-baseCell01/nodes/rhel9-baseNode02",
               "value": ""
            },
            {
               "name": "LOCALHOST_NAME",
               "scope": "/home/techzone/IBM/WebSphere/AppServer/profiles/Dmgr01/config/cells/rhel9-baseCell01/nodes/rhel9-baseCellManager01",
               "value": "localhost"
            },
            {
               "name": "LOCALHOST_NAME",
               "scope": "/home/techzone/IBM/WebSphere/AppServer/profiles/Dmgr01/config/cells/rhel9-baseCell01/nodes/rhel9-baseNode01",
               "value": "localhost"
            },
            {
               "name": "LOCALHOST_NAME",
               "scope": "/home/techzone/IBM/WebSphere/AppServer/profiles/Dmgr01/config/cells/rhel9-baseCell01/nodes/rhel9-baseNode02",
               "value": "localhost"
            },
            {
               "name": "LOG_ROOT",
               "scope": "/home/techzone/IBM/WebSphere/AppServer/profiles/Dmgr01/config/cells/rhel9-baseCell01/nodes/rhel9-baseCellManager01",
               "value": "/home/techzone/IBM/WebSphere/AppServer/profiles/Dmgr01/logs"
            },
            {
               "name": "LOG_ROOT",
               "scope": "/home/techzone/IBM/WebSphere/AppServer/profiles/Dmgr01/config/cells/rhel9-baseCell01/nodes/rhel9-baseNode01",
               "value": "/home/techzone/IBM/WebSphere/AppServer/profiles/AppSrv01/logs"
            },
            {
               "name": "LOG_ROOT",
               "scope": "/home/techzone/IBM/WebSphere/AppServer/profiles/Dmgr01/config/cells/rhel9-baseCell01/nodes/rhel9-baseNode02",
               "value": "/home/techzone/IBM/WebSphere/AppServer/profiles/AppSrv02/logs"
            },
            {
               "name": "MICROSOFT_JDBC_DRIVER_NATIVEPATH",
               "scope": "/home/techzone/IBM/WebSphere/AppServer/profiles/Dmgr01/config/cells/rhel9-baseCell01/nodes/rhel9-baseCellManager01",
               "value": ""
            },
            {
               "name": "MICROSOFT_JDBC_DRIVER_NATIVEPATH",
               "scope": "/home/techzone/IBM/WebSphere/AppServer/profiles/Dmgr01/config/cells/rhel9-baseCell01/nodes/rhel9-baseNode01",
               "value": ""
            },
            {
               "name": "MICROSOFT_JDBC_DRIVER_NATIVEPATH",
               "scope": "/home/techzone/IBM/WebSphere/AppServer/profiles/Dmgr01/config/cells/rhel9-baseCell01/nodes/rhel9-baseNode02",
               "value": ""
            },
            {
               "name": "MICROSOFT_JDBC_DRIVER_PATH",
               "scope": "/home/techzone/IBM/WebSphere/AppServer/profiles/Dmgr01/config/cells/rhel9-baseCell01/nodes/rhel9-baseCellManager01",
               "value": ""
            },
            {
               "name": "MICROSOFT_JDBC_DRIVER_PATH",
               "scope": "/home/techzone/IBM/WebSphere/AppServer/profiles/Dmgr01/config/cells/rhel9-baseCell01/nodes/rhel9-baseNode01",
               "value": ""
            },
            {
               "name": "MICROSOFT_JDBC_DRIVER_PATH",
               "scope": "/home/techzone/IBM/WebSphere/AppServer/profiles/Dmgr01/config/cells/rhel9-baseCell01/nodes/rhel9-baseNode02",
               "value": ""
            },
            {
               "name": "MQ_INSTALL_ROOT",
               "scope": "/home/techzone/IBM/WebSphere/AppServer/profiles/Dmgr01/config/cells/rhel9-baseCell01/nodes/rhel9-baseCellManager01",
               "value": "/home/techzone/IBM/WebSphere/AppServer/lib/WMQ"
            },
            {
               "name": "MQ_INSTALL_ROOT",
               "scope": "/home/techzone/IBM/WebSphere/AppServer/profiles/Dmgr01/config/cells/rhel9-baseCell01/nodes/rhel9-baseNode01",
               "value": "/home/techzone/IBM/WebSphere/AppServer/lib/WMQ"
            },
            {
               "name": "MQ_INSTALL_ROOT",
               "scope": "/home/techzone/IBM/WebSphere/AppServer/profiles/Dmgr01/config/cells/rhel9-baseCell01/nodes/rhel9-baseNode02",
               "value": "/home/techzone/IBM/WebSphere/AppServer/lib/WMQ"
            },
            {
               "name": "ORACLE_JDBC_DRIVER_PATH",
               "scope": "/home/techzone/IBM/WebSphere/AppServer/profiles/Dmgr01/config/cells/rhel9-baseCell01/nodes/rhel9-baseCellManager01",
               "value": ""
            },
            {
               "name": "ORACLE_JDBC_DRIVER_PATH",
               "scope": "/home/techzone/IBM/WebSphere/AppServer/profiles/Dmgr01/config/cells/rhel9-baseCell01/nodes/rhel9-baseNode01",
               "value": ""
            },
            {
               "name": "ORACLE_JDBC_DRIVER_PATH",
               "scope": "/home/techzone/IBM/WebSphere/AppServer/profiles/Dmgr01/config/cells/rhel9-baseCell01/nodes/rhel9-baseNode02",
               "value": ""
            },
            {
               "name": "OS400_NATIVE_JDBC40_DRIVER_PATH",
               "scope": "/home/techzone/IBM/WebSphere/AppServer/profiles/Dmgr01/config/cells/rhel9-baseCell01/nodes/rhel9-baseCellManager01",
               "value": ""
            },
            {
               "name": "OS400_NATIVE_JDBC40_DRIVER_PATH",
               "scope": "/home/techzone/IBM/WebSphere/AppServer/profiles/Dmgr01/config/cells/rhel9-baseCell01/nodes/rhel9-baseNode01",
               "value": ""
            },
            {
               "name": "OS400_NATIVE_JDBC40_DRIVER_PATH",
               "scope": "/home/techzone/IBM/WebSphere/AppServer/profiles/Dmgr01/config/cells/rhel9-baseCell01/nodes/rhel9-baseNode02",
               "value": ""
            },
            {
               "name": "OS400_NATIVE_JDBC_DRIVER_PATH",
               "scope": "/home/techzone/IBM/WebSphere/AppServer/profiles/Dmgr01/config/cells/rhel9-baseCell01/nodes/rhel9-baseCellManager01",
               "value": ""
            },
            {
               "name": "OS400_NATIVE_JDBC_DRIVER_PATH",
               "scope": "/home/techzone/IBM/WebSphere/AppServer/profiles/Dmgr01/config/cells/rhel9-baseCell01/nodes/rhel9-baseNode01",
               "value": ""
            },
            {
               "name": "OS400_NATIVE_JDBC_DRIVER_PATH",
               "scope": "/home/techzone/IBM/WebSphere/AppServer/profiles/Dmgr01/config/cells/rhel9-baseCell01/nodes/rhel9-baseNode02",
               "value": ""
            },
            {
               "name": "OS400_TOOLBOX_JDBC_DRIVER_PATH",
               "scope": "/home/techzone/IBM/WebSphere/AppServer/profiles/Dmgr01/config/cells/rhel9-baseCell01/nodes/rhel9-baseCellManager01",
               "value": ""
            },
            {
               "name": "OS400_TOOLBOX_JDBC_DRIVER_PATH",
               "scope": "/home/techzone/IBM/WebSphere/AppServer/profiles/Dmgr01/config/cells/rhel9-baseCell01/nodes/rhel9-baseNode01",
               "value": ""
            },
            {
               "name": "OS400_TOOLBOX_JDBC_DRIVER_PATH",
               "scope": "/home/techzone/IBM/WebSphere/AppServer/profiles/Dmgr01/config/cells/rhel9-baseCell01/nodes/rhel9-baseNode02",
               "value": ""
            },
            {
               "name": "PUREQUERY_PATH",
               "scope": "/home/techzone/IBM/WebSphere/AppServer/profiles/Dmgr01/config/cells/rhel9-baseCell01/nodes/rhel9-baseCellManager01",
               "value": ""
            },
            {
               "name": "PUREQUERY_PATH",
               "scope": "/home/techzone/IBM/WebSphere/AppServer/profiles/Dmgr01/config/cells/rhel9-baseCell01/nodes/rhel9-baseNode01",
               "value": ""
            },
            {
               "name": "PUREQUERY_PATH",
               "scope": "/home/techzone/IBM/WebSphere/AppServer/profiles/Dmgr01/config/cells/rhel9-baseCell01/nodes/rhel9-baseNode02",
               "value": ""
            },
            {
               "name": "SERVER_LOG_ROOT",
               "scope": "/home/techzone/IBM/WebSphere/AppServer/profiles/Dmgr01/config/cells/rhel9-baseCell01/nodes/rhel9-baseCellManager01/servers/dmgr",
               "value": "/home/techzone/IBM/WebSphere/AppServer/profiles/Dmgr01/logs/dmgr"
            },
            {
               "name": "SERVER_LOG_ROOT",
               "scope": "/home/techzone/IBM/WebSphere/AppServer/profiles/Dmgr01/config/cells/rhel9-baseCell01/nodes/rhel9-baseNode01/servers/nodeagent",
               "value": "/home/techzone/IBM/WebSphere/AppServer/profiles/AppSrv01/logs/nodeagent"
            },
            {
               "name": "SERVER_LOG_ROOT",
               "scope": "/home/techzone/IBM/WebSphere/AppServer/profiles/Dmgr01/config/cells/rhel9-baseCell01/nodes/rhel9-baseNode01/servers/server1",
               "value": "/home/techzone/IBM/WebSphere/AppServer/profiles/AppSrv01/logs/server1"
            },
            {
               "name": "SERVER_LOG_ROOT",
               "scope": "/home/techzone/IBM/WebSphere/AppServer/profiles/Dmgr01/config/cells/rhel9-baseCell01/nodes/rhel9-baseNode01/servers/webserver1",
               "value": "/home/techzone/IBM/WebSphere/AppServer/profiles/AppSrv01/logs/webserver1"
            },
            {
               "name": "SERVER_LOG_ROOT",
               "scope": "/home/techzone/IBM/WebSphere/AppServer/profiles/Dmgr01/config/cells/rhel9-baseCell01/nodes/rhel9-baseNode02/servers/nodeagent",
               "value": "/home/techzone/IBM/WebSphere/AppServer/profiles/AppSrv02/logs/nodeagent"
            },
            {
               "name": "SERVER_LOG_ROOT",
               "scope": "/home/techzone/IBM/WebSphere/AppServer/profiles/Dmgr01/config/cells/rhel9-baseCell01/nodes/rhel9-baseNode02/servers/server2",
               "value": "/home/techzone/IBM/WebSphere/AppServer/profiles/AppSrv02/logs/server2"
            },
            {
               "name": "SYBASE_JDBC_DRIVER_PATH",
               "scope": "/home/techzone/IBM/WebSphere/AppServer/profiles/Dmgr01/config/cells/rhel9-baseCell01/nodes/rhel9-baseCellManager01",
               "value": ""
            },
            {
               "name": "SYBASE_JDBC_DRIVER_PATH",
               "scope": "/home/techzone/IBM/WebSphere/AppServer/profiles/Dmgr01/config/cells/rhel9-baseCell01/nodes/rhel9-baseNode01",
               "value": ""
            },
            {
               "name": "SYBASE_JDBC_DRIVER_PATH",
               "scope": "/home/techzone/IBM/WebSphere/AppServer/profiles/Dmgr01/config/cells/rhel9-baseCell01/nodes/rhel9-baseNode02",
               "value": ""
            },
            {
               "name": "UNIVERSAL_JDBC_DRIVER_PATH",
               "scope": "/home/techzone/IBM/WebSphere/AppServer/profiles/Dmgr01/config/cells/rhel9-baseCell01/nodes/rhel9-baseCellManager01",
               "value": "/home/techzone/IBM/WebSphere/AppServer/universalDriver/lib"
            },
            {
               "name": "UNIVERSAL_JDBC_DRIVER_PATH",
               "scope": "/home/techzone/IBM/WebSphere/AppServer/profiles/Dmgr01/config/cells/rhel9-baseCell01/nodes/rhel9-baseNode01",
               "value": "/home/techzone/IBM/WebSphere/AppServer/universalDriver/lib"
            },
            {
               "name": "UNIVERSAL_JDBC_DRIVER_PATH",
               "scope": "/home/techzone/IBM/WebSphere/AppServer/profiles/Dmgr01/config/cells/rhel9-baseCell01/nodes/rhel9-baseNode02",
               "value": "/home/techzone/IBM/WebSphere/AppServer/universalDriver/lib"
            },
            {
               "name": "USER_INSTALL_ROOT",
               "scope": "/home/techzone/IBM/WebSphere/AppServer/profiles/Dmgr01/config/cells/rhel9-baseCell01/nodes/rhel9-baseCellManager01",
               "value": "/home/techzone/IBM/WebSphere/AppServer/profiles/Dmgr01"
            },
            {
               "name": "USER_INSTALL_ROOT",
               "scope": "/home/techzone/IBM/WebSphere/AppServer/profiles/Dmgr01/config/cells/rhel9-baseCell01/nodes/rhel9-baseNode01",
               "value": "/home/techzone/IBM/WebSphere/AppServer/profiles/AppSrv01"
            },
            {
               "name": "USER_INSTALL_ROOT",
               "scope": "/home/techzone/IBM/WebSphere/AppServer/profiles/Dmgr01/config/cells/rhel9-baseCell01/nodes/rhel9-baseNode02",
               "value": "/home/techzone/IBM/WebSphere/AppServer/profiles/AppSrv02"
            },
            {
               "name": "User-defined_JDBC_DRIVER_PATH",
               "scope": "/home/techzone/IBM/WebSphere/AppServer/profiles/Dmgr01/config/cells/rhel9-baseCell01/nodes/rhel9-baseCellManager01",
               "value": ""
            },
            {
               "name": "User-defined_JDBC_DRIVER_PATH",
               "scope": "/home/techzone/IBM/WebSphere/AppServer/profiles/Dmgr01/config/cells/rhel9-baseCell01/nodes/rhel9-baseNode01",
               "value": ""
            },
            {
               "name": "User-defined_JDBC_DRIVER_PATH",
               "scope": "/home/techzone/IBM/WebSphere/AppServer/profiles/Dmgr01/config/cells/rhel9-baseCell01/nodes/rhel9-baseNode02",
               "value": ""
            },
            {
               "name": "WAS_CELL_NAME",
               "scope": "/home/techzone/IBM/WebSphere/AppServer/profiles/Dmgr01/config/cells/rhel9-baseCell01",
               "value": "rhel9-baseCell01"
            },
            {
               "name": "WAS_ETC_DIR",
               "scope": "/home/techzone/IBM/WebSphere/AppServer/profiles/Dmgr01/config/cells/rhel9-baseCell01/nodes/rhel9-baseCellManager01",
               "value": "/home/techzone/IBM/WebSphere/AppServer/profiles/Dmgr01/etc"
            },
            {
               "name": "WAS_ETC_DIR",
               "scope": "/home/techzone/IBM/WebSphere/AppServer/profiles/Dmgr01/config/cells/rhel9-baseCell01/nodes/rhel9-baseNode01",
               "value": "/home/techzone/IBM/WebSphere/AppServer/profiles/AppSrv01/etc"
            },
            {
               "name": "WAS_ETC_DIR",
               "scope": "/home/techzone/IBM/WebSphere/AppServer/profiles/Dmgr01/config/cells/rhel9-baseCell01/nodes/rhel9-baseNode02",
               "value": "/home/techzone/IBM/WebSphere/AppServer/profiles/AppSrv02/etc"
            },
            {
               "name": "WAS_INSTALL_LIBRARY",
               "scope": "/home/techzone/IBM/WebSphere/AppServer/profiles/Dmgr01/config/cells/rhel9-baseCell01/nodes/rhel9-baseCellManager01",
               "value": "$(was.install.library)"
            },
            {
               "name": "WAS_INSTALL_LIBRARY",
               "scope": "/home/techzone/IBM/WebSphere/AppServer/profiles/Dmgr01/config/cells/rhel9-baseCell01/nodes/rhel9-baseNode01",
               "value": "$(was.install.library)"
            },
            {
               "name": "WAS_INSTALL_LIBRARY",
               "scope": "/home/techzone/IBM/WebSphere/AppServer/profiles/Dmgr01/config/cells/rhel9-baseCell01/nodes/rhel9-baseNode02",
               "value": "$(was.install.library)"
            },
            {
               "name": "WAS_INSTALL_ROOT",
               "scope": "/home/techzone/IBM/WebSphere/AppServer/profiles/Dmgr01/config/cells/rhel9-baseCell01/nodes/rhel9-baseCellManager01",
               "value": "/home/techzone/IBM/WebSphere/AppServer"
            },
            {
               "name": "WAS_INSTALL_ROOT",
               "scope": "/home/techzone/IBM/WebSphere/AppServer/profiles/Dmgr01/config/cells/rhel9-baseCell01/nodes/rhel9-baseNode01",
               "value": "/home/techzone/IBM/WebSphere/AppServer"
            },
            {
               "name": "WAS_INSTALL_ROOT",
               "scope": "/home/techzone/IBM/WebSphere/AppServer/profiles/Dmgr01/config/cells/rhel9-baseCell01/nodes/rhel9-baseNode02",
               "value": "/home/techzone/IBM/WebSphere/AppServer"
            },
            {
               "name": "WAS_LIBS_DIR",
               "scope": "/home/techzone/IBM/WebSphere/AppServer/profiles/Dmgr01/config/cells/rhel9-baseCell01/nodes/rhel9-baseCellManager01",
               "value": "/home/techzone/IBM/WebSphere/AppServer/lib"
            },
            {
               "name": "WAS_LIBS_DIR",
               "scope": "/home/techzone/IBM/WebSphere/AppServer/profiles/Dmgr01/config/cells/rhel9-baseCell01/nodes/rhel9-baseNode01",
               "value": "/home/techzone/IBM/WebSphere/AppServer/lib"
            },
            {
               "name": "WAS_LIBS_DIR",
               "scope": "/home/techzone/IBM/WebSphere/AppServer/profiles/Dmgr01/config/cells/rhel9-baseCell01/nodes/rhel9-baseNode02",
               "value": "/home/techzone/IBM/WebSphere/AppServer/lib"
            },
            {
               "name": "WAS_PROPS_DIR",
               "scope": "/home/techzone/IBM/WebSphere/AppServer/profiles/Dmgr01/config/cells/rhel9-baseCell01/nodes/rhel9-baseCellManager01",
               "value": "/home/techzone/IBM/WebSphere/AppServer/profiles/Dmgr01/properties"
            },
            {
               "name": "WAS_PROPS_DIR",
               "scope": "/home/techzone/IBM/WebSphere/AppServer/profiles/Dmgr01/config/cells/rhel9-baseCell01/nodes/rhel9-baseNode01",
               "value": "/home/techzone/IBM/WebSphere/AppServer/profiles/AppSrv01/properties"
            },
            {
               "name": "WAS_PROPS_DIR",
               "scope": "/home/techzone/IBM/WebSphere/AppServer/profiles/Dmgr01/config/cells/rhel9-baseCell01/nodes/rhel9-baseNode02",
               "value": "/home/techzone/IBM/WebSphere/AppServer/profiles/AppSrv02/properties"
            },
            {
               "name": "WAS_SERVER_NAME",
               "scope": "/home/techzone/IBM/WebSphere/AppServer/profiles/Dmgr01/config/cells/rhel9-baseCell01/nodes/rhel9-baseCellManager01/servers/dmgr",
               "value": "dmgr"
            },
            {
               "name": "WAS_SERVER_NAME",
               "scope": "/home/techzone/IBM/WebSphere/AppServer/profiles/Dmgr01/config/cells/rhel9-baseCell01/nodes/rhel9-baseNode01/servers/nodeagent",
               "value": "nodeagent"
            },
            {
               "name": "WAS_SERVER_NAME",
               "scope": "/home/techzone/IBM/WebSphere/AppServer/profiles/Dmgr01/config/cells/rhel9-baseCell01/nodes/rhel9-baseNode01/servers/server1",
               "value": "server1"
            },
            {
               "name": "WAS_SERVER_NAME",
               "scope": "/home/techzone/IBM/WebSphere/AppServer/profiles/Dmgr01/config/cells/rhel9-baseCell01/nodes/rhel9-baseNode01/servers/webserver1",
               "value": "webserver1"
            },
            {
               "name": "WAS_SERVER_NAME",
               "scope": "/home/techzone/IBM/WebSphere/AppServer/profiles/Dmgr01/config/cells/rhel9-baseCell01/nodes/rhel9-baseNode02/servers/nodeagent",
               "value": "nodeagent"
            },
            {
               "name": "WAS_SERVER_NAME",
               "scope": "/home/techzone/IBM/WebSphere/AppServer/profiles/Dmgr01/config/cells/rhel9-baseCell01/nodes/rhel9-baseNode02/servers/server2",
               "value": "server2"
            },
            {
               "name": "WAS_TEMP_DIR",
               "scope": "/home/techzone/IBM/WebSphere/AppServer/profiles/Dmgr01/config/cells/rhel9-baseCell01/nodes/rhel9-baseCellManager01",
               "value": "/home/techzone/IBM/WebSphere/AppServer/profiles/Dmgr01/temp"
            },
            {
               "name": "WAS_TEMP_DIR",
               "scope": "/home/techzone/IBM/WebSphere/AppServer/profiles/Dmgr01/config/cells/rhel9-baseCell01/nodes/rhel9-baseNode01",
               "value": "/home/techzone/IBM/WebSphere/AppServer/profiles/AppSrv01/temp"
            },
            {
               "name": "WAS_TEMP_DIR",
               "scope": "/home/techzone/IBM/WebSphere/AppServer/profiles/Dmgr01/config/cells/rhel9-baseCell01/nodes/rhel9-baseNode02",
               "value": "/home/techzone/IBM/WebSphere/AppServer/profiles/AppSrv02/temp"
            },
            {
               "name": "WEBLOGIC_ADMINHOST",
               "scope": "/home/techzone/IBM/WebSphere/AppServer/profiles/Dmgr01/config/cells/rhel9-baseCell01",
               "value": "localhost"
            },
            {
               "name": "WEBLOGIC_ADMINPORT",
               "scope": "/home/techzone/IBM/WebSphere/AppServer/profiles/Dmgr01/config/cells/rhel9-baseCell01",
               "value": "7001"
            },
            {
               "name": "WEBLOGIC_ADMINPROTOCOL",
               "scope": "/home/techzone/IBM/WebSphere/AppServer/profiles/Dmgr01/config/cells/rhel9-baseCell01",
               "value": "t3"
            },
            {
               "name": "WEBLOGIC_ADMINURL",
               "scope": "/home/techzone/IBM/WebSphere/AppServer/profiles/Dmgr01/config/cells/rhel9-baseCell01",
               "value": "t3://localhost:7001"
            },
            {
               "name": "WEBLOGIC_DOMAINDIR",
               "scope": "/home/techzone/IBM/WebSphere/AppServer/profiles/Dmgr01/config/cells/rhel9-baseCell01",
               "value": "/opt/bea\\user_projects\\domains\\myDomain"
            },
            {
               "name": "WEBLOGIC_DOMAINNAME",
               "scope": "/home/techzone/IBM/WebSphere/AppServer/profiles/Dmgr01/config/cells/rhel9-baseCell01",
               "value": "myDomain"
            },
            {
               "name": "WEBLOGIC_HOME",
               "scope": "/home/techzone/IBM/WebSphere/AppServer/profiles/Dmgr01/config/cells/rhel9-baseCell01",
               "value": "/opt/bea\\weblogic"
            },
            {
               "name": "WEBLOGIC_SERVERROOT",
               "scope": "/home/techzone/IBM/WebSphere/AppServer/profiles/Dmgr01/config/cells/rhel9-baseCell01",
               "value": "/opt/bea\\user_projects\\domains\\myDomain"
            },
            {
               "name": "WEB_INSTALL_ROOT",
               "scope": "/home/techzone/IBM/WebSphere/AppServer/profiles/Dmgr01/config/cells/rhel9-baseCell01/nodes/rhel9-baseNode01/servers/webserver1",
               "value": "/home/techzone/IBM/HTTPServer"
            },
            {
               "name": "WLP_INSTALL_DIR",
               "scope": "/home/techzone/IBM/WebSphere/AppServer/profiles/Dmgr01/config/cells/rhel9-baseCell01",
               "value": "/home/techzone/IBM/WebSphere/AppServer/wlp"
            },
            {
               "name": "WLP_OUTPUT_DIR",
               "scope": "/home/techzone/IBM/WebSphere/AppServer/profiles/Dmgr01/config/cells/rhel9-baseCell01",
               "value": "/home/techzone/IBM/WebSphere/AppServer/wlp/usr/servers"
            },
            {
               "name": "WLP_USER_DIR",
               "scope": "/home/techzone/IBM/WebSphere/AppServer/profiles/Dmgr01/config/cells/rhel9-baseCell01",
               "value": "/home/techzone/IBM/WebSphere/AppServer/wlp/usr"
            }
         ],
         "appArray": [
         ],
         "archive": {
            "domain": "javaAppServer",
            "archiveName": "Dmgr01",
            "archiveType": "profile",
            "assessmentUnits": [
               "DemoRPC-1_0_0_war.ear",
               "DemoRPCClient-1_0_0_war.ear",
               "modresorts-1_0-java8_war.ear"
            ],
            "dcVersion": "",
            "binaryScannerVersion": "25.0.0.4",
            "middleware": "was",
            "host": "rhel9-base.gym.lan"
         },
         "ignoreMissingSharedLibrary": false,
         "ignoreMissingBinary": false,
         "scanBinaryLocation": false,
         "hasConfig": true,
         "locale": "en",
         "assessUnitNames": [
            "DemoRPC-1_0_0_war.ear",
            "DemoRPCClient-1_0_0_war.ear",
            "modresorts-1_0-java8_war.ear"
         ]
      }
   ],
   "appsToScan_user": [
   ],
   "appsToSkip_user": [
   ],
   "scanNodeFlag": false,
   "ignoreMissingSharedLibrary": false,
   "ignoreMissingBinary": false,
   "scanBinaryLocation": false,
   "locale": "en",
   "createdDate": 1765209963968
}