<?xml version="1.0" encoding="UTF-8"?>
<server description="Configuration generated by binaryAppScanner version 25.0.0.3.SNAPSHOT">
    <featureManager>
        <!--The binary scanner did not detect any features in the application. Add features here.-->
    </featureManager>

    <!-- This configuration was migrated on 12/8/25 at 11:06:24 AM from the following location: /home/techzone/IBM/WebSphere/AppServer/profiles/Dmgr01 -->
    <!-- The binary scanner does not support the migration of all WebSphere traditional configuration elements. Check the binary scanner documentation for the list of supported configuration elements. -->
    <applicationManager autoExpand="true"/>

    <httpEndpoint host="${httpEndpoint_host_2}" httpPort="${httpEndpoint_port_2}" httpsPort="${httpEndpoint_secure_port_2}" id="defaultHttpEndpoint">
        <tcpOptions maxOpenConnections="20000"/>
    </httpEndpoint>

    <iiopEndpoint host="${BOOTSTRAP_ADDRESS_host_2}" id="defaultIiopEndpoint" iiopPort="${BOOTSTRAP_ADDRESS_port_2}">
        <iiopsOptions iiopsPort="${CSIV2_SSL_SERVERAUTH_LISTENER_ADDRESS_2}" sslRef="defaultSSLConfig"/>
    </iiopEndpoint>

    <webApplication contextRoot="/resorts" id="modresorts-1_0-java8_war.ear" location="modresorts-1.0-java8.war"/>

    <transaction propogatedOrBMTTranLifetimeTimeout="300"/>

    <logging traceFileName="trace.log" traceFormat="BASIC" traceSpecification="*=info"/>

    <include location="rhel9-baseCell01_basicRegistry.xml" onConflict="MERGE" optional="true"/>

    <federatedRepository pageCacheTimeout="900ms">
        <primaryRealm name="defaultWIMFileBasedRealm">
            <participatingBaseEntry name="${InternalFileRepository_rhel9_baseCell01_o_defaultWIMFileBasedRealm_ldapRegistry_baseDN}"/>
            <uniqueGroupIdMapping inputProperty="uniqueName"/>
            <userSecurityNameMapping outputProperty="principalName"/>
        </primaryRealm>
    </federatedRepository>

    <administrator-role>
        <user>${WIMUserRegistry_1_rhel9_baseCell01_userRegistry_primaryAdminId}</user>
    </administrator-role>

    <keyStore id="NodeDefaultKeyStore" location="${NodeDefaultKeyStore_rhel9_baseCell01_KeyStore_1750264500549_location}" password="${NodeDefaultKeyStore_rhel9_baseCell01_KeyStore_1750264500549_password}"/>

    <keyStore id="CellDefaultTrustStore" location="${CellDefaultTrustStore_rhel9_baseCell01_KeyStore_2_location}" password="${CellDefaultTrustStore_rhel9_baseCell01_KeyStore_2_password}"/>

    <ssl id="NodeDefaultSSLSettings_rhel9-baseCell01_SSLConfig_1750264500549" keyStoreRef="NodeDefaultKeyStore" sslProtocol="${NodeDefaultSSLSettings_rhel9_baseCell01_SSLConfig_1750264500549_sslProtocol}" trustStoreRef="CellDefaultTrustStore"/>

    <sslDefault sslRef="NodeDefaultSSLSettings_rhel9-baseCell01_SSLConfig_1750264500549"/>

    <include location="rhel9-baseCell01_mime-types.xml" onConflict="MERGE" optional="true"/>

    <!-- The following variables, which often differ between environments, have been extracted from the migrated configuration to allow for easy substitution. -->
    <variable name="BOOTSTRAP_ADDRESS_host_2" defaultValue="rhel9-base.gym.lan"/>
    <variable name="BOOTSTRAP_ADDRESS_port_2" defaultValue="2813"/>
    <variable name="CellDefaultTrustStore_rhel9_baseCell01_KeyStore_2_location" defaultValue="modresorts-1_0-java8_war_ear_rhel9-baseCell01_CellDefaultTrustStore_trust.p12"/>
    <variable name="CSIV2_SSL_SERVERAUTH_LISTENER_ADDRESS_2" defaultValue="9411"/>
    <variable name="httpEndpoint_host_2" defaultValue="*"/>
    <variable name="httpEndpoint_port_2" defaultValue="9082"/>
    <variable name="httpEndpoint_secure_port_2" defaultValue="9445"/>
    <variable name="InternalFileRepository_rhel9_baseCell01_o_defaultWIMFileBasedRealm_ldapRegistry_baseDN" defaultValue="o=defaultWIMFileBasedRealm"/>
    <variable name="NodeDefaultKeyStore_rhel9_baseCell01_KeyStore_1750264500549_location" defaultValue="modresorts-1_0-java8_war_ear_rhel9-baseNode02_NodeDefaultKeyStore_key.p12"/>
    <variable name="NodeDefaultSSLSettings_rhel9_baseCell01_SSLConfig_1750264500549_sslProtocol" defaultValue="TLSv1.3,TLSv1.2"/>

    <!-- The following variables are used to replace sensitive data in the server.xml file for the application.
         The values for these variables were not collected because the includeSensitiveData option was not specified.
    -->
    <variable name="CellDefaultTrustStore_rhel9_baseCell01_KeyStore_2_password" defaultValue=""/>
    <variable name="NodeDefaultKeyStore_rhel9_baseCell01_KeyStore_1750264500549_password" defaultValue=""/>
    <variable name="WIMUserRegistry_1_rhel9_baseCell01_userRegistry_primaryAdminId" defaultValue=""/>
</server>
