<?xml version="1.0" encoding="UTF-8" standalone="no"?>
<!--Generated by IBM Migration Application Bundler 0.0.32.1
Mon Dec 08 17:01:40 UTC 2025--><server description="Configuration generated by binaryAppScanner version 25.0.0.3.SNAPSHOT">
    <featureManager>
        <!--Generated by IBM Migration Artifact Bundler 0.0.32.1 to support metric integration.-->
        <feature>mpMetrics-1.1</feature>
        <!--End features generated by IBM Migration Artifact Bundler-->
        <feature>jsp-2.3</feature>
        <feature>servlet-3.1</feature>
        <feature>transportSecurity-1.0</feature>
    </featureManager>
    <!-- This configuration was migrated on 12/8/25 at 11:06:14 AM from the following location: /home/techzone/IBM/WebSphere/AppServer/profiles/Dmgr01 -->
    <!-- The binary scanner does not support the migration of all WebSphere traditional configuration elements. Check the binary scanner documentation for the list of supported configuration elements. -->
    <applicationManager autoExpand="true"/>
    <httpEndpoint host="${httpEndpoint_host}" httpPort="${httpEndpoint_port}" httpsPort="${httpEndpoint_secure_port}" id="defaultHttpEndpoint">
        <tcpOptions maxOpenConnections="20000"/>
    </httpEndpoint>
    <iiopEndpoint host="${BOOTSTRAP_ADDRESS_host}" id="defaultIiopEndpoint" iiopPort="${BOOTSTRAP_ADDRESS_port}">
        <iiopsOptions iiopsPort="${CSIV2_SSL_SERVERAUTH_LISTENER_ADDRESS}" sslRef="defaultSSLConfig"/>
    </iiopEndpoint>
    <webApplication contextRoot="DemoRPC" id="DemoRPC-1_0_0_war.ear" location="DemoRPC-1.0.0.war"/>
    <transaction propogatedOrBMTTranLifetimeTimeout="300"/>
    <logging traceFileName="trace.log" traceFormat="BASIC" traceSpecification="*=info"/>
    <include location="rhel9-baseCell01_basicRegistry.xml" onConflict="MERGE" optional="true"/>
    <federatedRepository pageCacheTimeout="900ms">
        <primaryRealm name="defaultWIMFileBasedRealm">
            <participatingBaseEntry name="${InternalFileRepository_rhel9_baseCell01_o_defaultWIMFileBasedRealm_ldapRegistry_baseDN}"/>
            <uniqueGroupIdMapping inputProperty="uniqueName"/>
            <userSecurityNameMapping outputProperty="principalName"/>
        </primaryRealm>
    </federatedRepository>
    <administrator-role>
        <user>${WIMUserRegistry_1_rhel9_baseCell01_userRegistry_primaryAdminId}</user>
    </administrator-role>
    <!--<keyStore id="NodeDefaultKeyStore" location="${NodeDefaultKeyStore_rhel9_baseCell01_KeyStore_7_location}" password="${NodeDefaultKeyStore_rhel9_baseCell01_KeyStore_7_password}"/>
-->
    <!--<keyStore id="CellDefaultTrustStore" location="${CellDefaultTrustStore_rhel9_baseCell01_KeyStore_2_location}" password="${CellDefaultTrustStore_rhel9_baseCell01_KeyStore_2_password}"/>
-->
    <!--<ssl id="NodeDefaultSSLSettings_rhel9-baseCell01_SSLConfig_2" keyStoreRef="NodeDefaultKeyStore" sslProtocol="${NodeDefaultSSLSettings_rhel9_baseCell01_SSLConfig_2_sslProtocol}" trustStoreRef="CellDefaultTrustStore"/>
-->
    <!--<sslDefault sslRef="NodeDefaultSSLSettings_rhel9-baseCell01_SSLConfig_2"/>
-->
    <include location="rhel9-baseCell01_mime-types.xml" onConflict="MERGE" optional="true"/>
    <!-- The following variables, which often differ between environments, have been extracted from the migrated configuration to allow for easy substitution. -->
    <variable defaultValue="rhel9-base.gym.lan" name="BOOTSTRAP_ADDRESS_host"/>
    <variable defaultValue="2809" name="BOOTSTRAP_ADDRESS_port"/>
    <!--<variable defaultValue="DemoRPC-1_0_0_war_ear_rhel9-baseCell01_CellDefaultTrustStore_trust.p12" name="CellDefaultTrustStore_rhel9_baseCell01_KeyStore_2_location"/>
-->
    <variable defaultValue="9406" name="CSIV2_SSL_SERVERAUTH_LISTENER_ADDRESS"/>
    <variable defaultValue="*" name="httpEndpoint_host"/>
    <variable defaultValue="9080" name="httpEndpoint_port"/>
    <variable defaultValue="9443" name="httpEndpoint_secure_port"/>
    <variable defaultValue="o=defaultWIMFileBasedRealm" name="InternalFileRepository_rhel9_baseCell01_o_defaultWIMFileBasedRealm_ldapRegistry_baseDN"/>
    <!--<variable defaultValue="DemoRPC-1_0_0_war_ear_rhel9-baseNode01_NodeDefaultKeyStore_key.p12" name="NodeDefaultKeyStore_rhel9_baseCell01_KeyStore_7_location"/>
-->
    <variable defaultValue="TLSv1.3,TLSv1.2" name="NodeDefaultSSLSettings_rhel9_baseCell01_SSLConfig_2_sslProtocol"/>
    <!-- The following variables are used to replace sensitive data in the server.xml file for the application.
         The values for these variables were not collected because the includeSensitiveData option was not specified.
    -->
    <!--<variable defaultValue="" name="CellDefaultTrustStore_rhel9_baseCell01_KeyStore_2_password"/>
-->
    <!--<variable defaultValue="" name="NodeDefaultKeyStore_rhel9_baseCell01_KeyStore_7_password"/>
-->
    <variable defaultValue="" name="WIMUserRegistry_1_rhel9_baseCell01_userRegistry_primaryAdminId"/>
</server>
