{"_id":"87ee620a-955a-415f-8b67-3b69d4e1af99_Dmgr01_697f8094-a8f0-4a5e-a568-3603d4380967_DemoRPCClient-1_0_0_war.ear_json","_rev":"1-c4b97d4469ca08321644613c1a0470cc","summary":{"servlets":1,"jsps":2,"jpaEntities":0,"bmpEntityBeans":0,"cmpEntityBeans":0,"messageDrivenBeans":0,"singletonSessionBeans":0,"statefulSessionBeans":0,"statelessSessionBeans":0,"jaxrpcConsumers":2,"jaxrpcProviders":0,"jaxrsConsumers":0,"jaxrsProviders":0,"jaxwsConsumers":0,"jaxwsProviders":0,"springBeans":0},"profileName":"Dmgr01","archives":{"ears":1,"wars":1,"rars":0,"ejbs":0,"webFragments":0,"utilityJars":0,"appClients":0},"created":1765209994237,"archiveInventory":[{"archiveName":"/home/techzone/IBM/WebSphere/AppServer/profiles/Dmgr01/config/cells/rhel9-baseCell01/applications/DemoRPCClient-1_0_0_war.ear/DemoRPCClient-1_0_0_war.ear","moduleType":"Enterprise archive","moduleVersion":"6","moduleSize":24654,"checksum":"4ff2792d05ec91ae5b002afb55c3b9bc14020623df9eff6b626ec9849b4ce201","archives":{"wars":1,"rars":0,"ejbs":0,"utilityJars":0,"appClients":0},"summary":{"servlets":1,"jsps":2,"jpaEntities":0,"bmpEntityBeans":0,"cmpEntityBeans":0,"messageDrivenBeans":0,"singletonSessionBeans":0,"statefulSessionBeans":0,"statelessSessionBeans":0,"jaxrpcConsumers":2,"jaxrpcProviders":0,"jaxrsConsumers":0,"jaxrsProviders":0,"jaxwsConsumers":0,"jaxwsProviders":0,"springBeans":0},"potentialDeploymentProblemsSummary":{"archivesContainingDuplicateClasses":0,"archivesContainingJavaEEorSEClasses":0,"archivesContainingConflictingOpenSourceSoftwareClasses":0,"archivesContainingWebSphereClasses":0,"archivesNotReferencedInTheApplication":0,"archivesWithMissingDependenciesInTheApplication":0,"classesWithSystemLevelJVMConfiguration":0,"sharedLibrariesReferencingApplicationClasses":0},"potentialDeploymentProblemsDetails":[{"duplicateClassesWithinClassLoader":[]},{"duplicateClassesAcrossApplication":[]},{"javaEEandSEClasses":[]},{"duplicateWebSphereClasses":[]},{"openSourceSoftwareClasses":[]},{"archivesNotReferenced":[]},{"missingDependencies":[]},{"classesWithSystemLevelJVMConfiguration":[]},{"sharedLibraryDependencies":[]}],"performanceConsiderations":{"archivesThatAreCandidatesForMetadataCompleteTrueAttribute":[],"webModulesWithExcessiveClassFiles":[],"webModulesWithExcessiveStaticResources":[]},"operationalConsiderations":{"deploymentTargets":{"clusters":[],"nonClusteredServers":[{"name":"webserver1","node":"rhel9-baseNode01","type":"WEB_SERVER"},{"name":"server2","node":"rhel9-baseNode02","type":"APPLICATION_SERVER"}]}},"containedArchiveInventory":[{"archiveName":"/home/techzone/IBM/WebSphere/AppServer/profiles/Dmgr01/config/cells/rhel9-baseCell01/applications/DemoRPCClient-1_0_0_war.ear/DemoRPCClient-1_0_0_war.ear/DemoRPCClient-1.0.0.war","moduleType":"Web module","moduleVersion":"3.0","metadataComplete":"Unspecified","checksum":"4ff2792d05ec91ae5b002afb55c3b9bc14020623df9eff6b626ec9849b4ce201","archives":{"ejbs":0,"webFragments":0,"utilityJars":0},"summary":{"servlets":1,"jsps":2,"jpaEntities":0,"bmpEntityBeans":0,"cmpEntityBeans":0,"messageDrivenBeans":0,"singletonSessionBeans":0,"statefulSessionBeans":0,"statelessSessionBeans":0,"jaxrpcConsumers":2,"jaxrpcProviders":0,"jaxrsConsumers":0,"jaxrsProviders":0,"jaxwsConsumers":0,"jaxwsProviders":0,"springBeans":0}}]}],"taskname":"87ee620a-955a-415f-8b67-3b69d4e1af99","buildID":"v20251103_2334","locale":"en_EN","type":"json","version":"4.0","sharedLibraries":[],"productVersion":"25.0.0.4","report":"inventory","options":["--includeHelpLocation","--maxUserDefinedRuleResults\u003d100","--userRuleLocation\u003d/home/techzone/Student/ama_discovery/ama-discovery-4.5.0/bin/../conf/userDefinedRules","--excludePackages\u003dch.qos,com.cloudant,com.cognos,com.fasterxml,com.filenet,com.ibatis,com.ibm,com.informix,com.lowagie,com.mchange,com.meterware,com.microsoft,com.mongodb,com.mysql,com.sun,com.sybase,filenet,freemarker,groovy,jakarta,java,javax,net,oracle,org,sqlj,sun,twitter4j,_ibmjsp"],"sharedLibraryDetails":[],"name":"DemoRPCClient-1_0_0_war.ear.inventory","tenantId":"697f8094-a8f0-4a5e-a568-3603d4380967","id":"87ee620a-955a-415f-8b67-3b69d4e1af99_Dmgr01_697f8094-a8f0-4a5e-a568-3603d4380967_DemoRPCClient-1_0_0_war.ear_json","applicationName":"DemoRPCClient-1_0_0_war.ear","productRelease":"25.0.0.4","applications":["/home/techzone/IBM/WebSphere/AppServer/profiles/Dmgr01/config/cells/rhel9-baseCell01/applications/DemoRPCClient-1_0_0_war.ear/DemoRPCClient-1_0_0_war.ear"]}