{"_id":"87ee620a-955a-415f-8b67-3b69d4e1af99_Dmgr01_697f8094-a8f0-4a5e-a568-3603d4380967_DemoRPCClient-1_0_0_war.ear_json","_rev":"1-5eeeaaf1eab9dc8a2bf150d5d7e1205e","profileName":"Dmgr01","created":1765209994237,"taskname":"87ee620a-955a-415f-8b67-3b69d4e1af99","buildID":"v20251103_2334","locale":"en_EN","type":"json","version":"2.3","productVersion":"25.0.0.4","overallSummary":{"openLiberty":false,"libertyCore":false,"liberty":false,"websphereTraditional":true,"ndLiberty":false,"ndTraditional":true,"zosLiberty":false,"zosTraditional":true},"report":"technology","options":["--baseEdition","--coreEdition","--includeHelpLocation","--liberty","--ndEdition","--traditional","--zosEdition","--excludePackages\u003dch.qos,com.cloudant,com.cognos,com.fasterxml,com.filenet,com.ibatis,com.ibm,com.informix,com.lowagie,com.mchange,com.meterware,com.microsoft,com.mongodb,com.mysql,com.sun,com.sybase,filenet,freemarker,groovy,jakarta,java,javax,net,oracle,org,sqlj,sun,twitter4j,_ibmjsp"],"name":"DemoRPCClient-1_0_0_war.ear.eval","tenantId":"697f8094-a8f0-4a5e-a568-3603d4380967","id":"87ee620a-955a-415f-8b67-3b69d4e1af99_Dmgr01_697f8094-a8f0-4a5e-a568-3603d4380967_DemoRPCClient-1_0_0_war.ear_json","applicationName":"DemoRPCClient-1_0_0_war.ear","productRelease":"25.0.0.4","applications":[{"application":"/home/techzone/IBM/WebSphere/AppServer/profiles/Dmgr01/config/cells/rhel9-baseCell01/applications/DemoRPCClient-1_0_0_war.ear/DemoRPCClient-1_0_0_war.ear","summary":{"openLiberty":false,"libertyCore":false,"liberty":false,"websphereTraditional":true,"ndLiberty":false,"ndTraditional":true,"zosLiberty":false,"zosTraditional":true},"technologies":[{"technology":"Java API for XML-based RPC (JAX-RPC)","openLiberty":false,"libertyCore":false,"liberty":false,"websphereTraditional":true,"ndLiberty":false,"ndTraditional":true,"zosLiberty":false,"zosTraditional":true},{"technology":"Java Servlet","openLiberty":true,"libertyCore":true,"liberty":true,"websphereTraditional":true,"ndLiberty":true,"ndTraditional":true,"zosLiberty":true,"zosTraditional":true},{"technology":"JavaServer Pages / Expression Language (JSP/EL)","openLiberty":true,"libertyCore":true,"liberty":true,"websphereTraditional":true,"ndLiberty":true,"ndTraditional":true,"zosLiberty":true,"zosTraditional":true},{"technology":"Standard Tag Library for JavaServer Pages (JSTL)","openLiberty":true,"libertyCore":true,"liberty":true,"websphereTraditional":true,"ndLiberty":true,"ndTraditional":true,"zosLiberty":true,"zosTraditional":true}],"incompleteReportErrors":[],"footnotes":[]}]}