<?xml version="1.0" encoding="UTF-8"?>
<server>
    <featureManager>
        <feature>servlet-4.0</feature>
        <feature>localConnector-1.0</feature>
        <feature>jaxws-2.2</feature>
        <feature>jsp-2.3</feature>
    </featureManager>

    <variable name="http.port" defaultValue="9081"/>
    <variable name="https.port" defaultValue="9444"/>
    <variable name="app.context.root" value="/"/>

    <!-- tag::httpEndpoint[] -->
    <httpEndpoint httpPort="${http.port}"
                  httpsPort="${https.port}" id="defaultHttpEndpoint"  host="*" />
    <!-- end::httpEndpoint[] -->
    <!-- <webApplication id="ServletSample" location="test-project-1.0.0.war" contextRoot="${app.context.root}" /> -->
<!-- TODO: note for the user to set the contextRoot based on their old WSDL/url/endpoint -->

</server>
